City,Cloudiness,Country,Date,Humidity,Lat,Lng,Max Temp,Wind Speed
Araouane,100,ML,1563849390,43,18.9,-3.53,87.52,5.75
Hovd,0,NO,1563849391,63,63.83,10.7,66.2,9.17
Cabo San Lucas,75,MX,1563849391,83,22.89,-109.91,84.0,11.41
Nhulunbuy,0,AU,1563849392,51,-12.18,136.78,82.4,18.34
Burns Lake,100,CA,1563849392,96,54.23,-125.76,56.56,2.46
Arvika,100,SE,1563849393,100,59.65,12.59,61.0,4.7
Hofn,100,IS,1563849393,93,64.25,-15.21,40.72,10.07
Hobart,75,AU,1563849100,61,-42.88,147.33,52.0,9.17
Boa Vista,40,BR,1563849394,94,2.82,-60.67,77.0,3.36
Rikitea,33,PF,1563848813,71,-23.12,-134.97,68.8,19.93
Mount Isa,0,AU,1563849395,15,-20.73,139.49,78.8,10.29
Te Anau,1,NZ,1563849396,77,-45.41,167.72,45.58,1.07
Rockhampton,0,AU,1563849396,47,-23.38,150.51,77.0,3.36
Ancud,90,CL,1563848822,100,-41.87,-73.83,35.6,2.24
Charleville-Mezieres,57,FR,1563849210,68,49.77,4.72,66.2,3.36
Severo-Kurilsk,100,RU,1563849134,93,50.68,156.12,46.12,12.15
Ligayan,63,PH,1563849398,75,4.65,119.47,82.3,9.89
Mataura,41,NZ,1563849192,95,-46.19,168.86,46.99,3.0
Kirakira,64,SB,1563849399,77,-10.46,161.92,81.22,20.11
Hermanus,96,ZA,1563848812,71,-34.42,19.24,61.0,14.0
Puqi,0,CN,1563849401,65,29.72,113.88,92.2,12.62
Barrow,0,AR,1563848819,63,-38.31,-60.23,39.28,6.17
Rocha,100,UY,1563848823,83,-34.48,-54.34,49.9,5.84
Ushuaia,75,AR,1563849205,97,-54.81,-68.31,32.0,5.82
Coolum Beach,0,AU,1563849403,67,-26.53,153.09,75.0,3.98
Nosy Varika,1,MG,1563849403,90,-20.58,48.53,58.0,7.2
Ko Samui,20,TH,1563849404,66,9.54,99.94,87.8,2.24
Atuona,2,PF,1563848816,75,-9.8,-139.03,79.6,14.05
San Jose,1,HN,1563849405,47,14.25,-87.96,80.6,1.23
Punta Arenas,0,CL,1563849100,65,-53.16,-70.91,33.8,25.28
Vaini,75,IN,1563849196,94,15.34,74.49,71.6,9.17
Karratha,69,AU,1563849406,15,-20.74,116.85,73.84,14.76
Orje,75,NO,1563849407,93,59.48,11.66,61.0,2.24
San Quintin,0,PH,1563849407,67,17.54,120.52,86.08,4.9
Tiksi,36,RU,1563849408,32,71.64,128.87,71.14,25.75
Puerto Madryn,0,AR,1563849139,54,-42.77,-65.04,41.08,14.2
Dingle,100,PH,1563848816,71,11.0,122.67,84.46,5.28
Puerto Ayora,62,EC,1563849259,92,-0.74,-90.35,70.0,5.01
Rosarito,75,CO,1563849410,73,4.91,-75.23,75.2,3.36
Saint-Philippe,75,CA,1563849202,77,45.36,-73.48,69.01,5.82
Ribeira Grande,4,PT,1563849411,88,38.52,-28.7,71.86,17.92
Kodiak,20,US,1563849343,77,39.95,-94.76,70.0,5.82
Mehamn,0,NO,1563849412,87,71.03,27.85,57.2,2.24
Doha,0,QA,1563849302,52,25.29,51.53,91.4,1.12
Qaanaaq,100,GL,1563849332,83,77.48,-69.36,38.56,16.22
Porbandar,75,IN,1563849414,88,21.64,69.61,82.4,6.93
Tubuala,75,PA,1563849414,94,9.52,-79.03,77.0,5.82
Ulladulla,0,AU,1563849415,24,-35.36,150.48,68.0,16.11
Safford,1,US,1563849415,31,32.83,-109.71,87.8,29.97
Limbang,75,BN,1563849416,74,4.75,115.01,84.2,10.29
Dikson,100,RU,1563849341,91,73.51,80.55,34.96,8.32
Butaritari,100,KI,1563849318,69,3.07,172.79,85.36,8.03
Kapaa,75,US,1563848818,83,22.08,-159.32,78.8,9.17
Maldonado,0,UY,1563849418,76,-34.91,-54.96,51.8,14.99
Palmer,75,AU,1563849419,76,-34.85,139.16,60.01,23.04
Jutai,3,BR,1563849419,98,-1.71,-47.89,71.5,2.86
Arraial do Cabo,40,BR,1563849334,94,-22.97,-42.02,68.0,9.17
Lakes Entrance,32,AU,1563849420,45,-37.88,147.99,62.01,8.01
Provideniya,90,RU,1563849421,76,64.42,-173.23,51.8,11.18
Oxelosund,0,SE,1563849421,87,58.67,17.1,59.0,8.05
Sakata,75,JP,1563849422,74,38.92,139.93,80.6,10.29
Yellowknife,20,CA,1563848827,34,62.45,-114.38,80.6,6.93
New Norfolk,75,AU,1563848825,61,-42.78,147.06,52.0,9.17
Qom,51,IR,1563849423,23,34.64,50.88,81.94,8.16
Chuy,100,UY,1563849340,89,-33.69,-53.46,54.04,13.85
Aykhal,0,RU,1563849425,29,65.95,111.51,77.0,4.47
Margate,75,AU,1563849425,61,-43.03,147.26,53.01,9.17
Lebu,100,ET,1563849426,95,8.96,38.73,53.68,0.94
Albany,90,US,1563849194,88,42.65,-73.75,66.2,10.29
Paralimni,0,GR,1563849427,83,40.99,23.67,79.0,4.16
Castro,90,CL,1563849198,100,-42.48,-73.76,35.6,2.24
Hithadhoo,48,MV,1563849428,75,-0.6,73.08,83.38,10.25
Beira,2,ES,1563849429,100,43.2,-8.36,68.0,2.24
Vanimo,100,PG,1563849429,69,-2.67,141.3,83.2,6.93
Esperance,90,AU,1563849430,87,-33.86,121.89,55.4,17.22
Nadvoitsy,92,RU,1563849430,62,63.89,34.27,53.5,5.21
Vestmannaeyjar,100,IS,1563849431,91,63.44,-20.27,53.68,3.02
Port Alfred,0,ZA,1563849332,83,-33.59,26.89,55.0,4.0
Alyangula,54,AU,1563849375,35,-13.85,136.42,84.2,8.05
Saint George,0,GR,1563849320,68,39.45,22.34,77.0,1.32
Nishihara,75,JP,1563849433,88,35.74,139.53,82.99,5.82
Port Augusta,40,AU,1563849434,55,-32.49,137.76,62.6,20.8
Hilo,90,US,1563849326,78,19.71,-155.08,79.0,5.82
Virginia Beach,75,US,1563849369,57,36.85,-75.98,87.01,14.99
Ponta do Sol,84,BR,1563849266,82,-20.63,-46.0,56.92,6.73
Mazagao,20,BR,1563849436,100,-0.12,-51.29,80.6,3.36
Bambous Virieux,40,MU,1563849436,77,-20.34,57.76,68.0,11.41
Broken Hill,0,AU,1563849437,38,-31.97,141.45,60.8,16.11
Teodoro Sampaio,82,BR,1563849438,62,-22.53,-52.17,69.88,8.63
Abha,0,SA,1563849439,52,18.22,42.5,68.0,5.75
Busselton,100,AU,1563849439,53,-33.64,115.35,64.0,8.72
Ixtapa,90,MX,1563849440,66,20.71,-105.21,84.2,6.93
Ayan,2,IR,1563849440,56,38.23,44.7,63.76,5.97
Nikolskoye,0,RU,1563849197,87,59.7,30.79,51.8,2.24
Ballina,95,IE,1563849442,89,54.11,-9.15,66.99,11.99
Huarmey,33,PE,1563849442,88,-10.07,-78.15,62.5,19.53
College,1,US,1563849276,34,64.86,-147.8,82.0,4.7
Mahabaleshwar,86,IN,1563849443,92,17.92,73.66,77.8,1.45
Tuktoyaktuk,75,CA,1563849257,87,69.44,-133.03,55.4,5.82
Upernavik,0,GL,1563849205,82,72.79,-56.15,43.6,8.3
Cumberland,90,US,1563849445,94,41.97,-71.43,71.01,9.17
Moron,5,HT,1563849445,76,18.56,-74.26,80.32,4.38
Pevek,100,RU,1563849345,98,69.7,170.27,31.72,12.55
Olinda,40,AU,1563849446,54,-37.84,145.39,59.0,20.8
Monrovia,75,LR,1563849446,94,6.33,-10.8,75.2,11.41
Georgetown,20,GY,1563849220,100,6.8,-58.16,75.2,2.24
Menomonie,1,US,1563849447,63,44.88,-91.92,68.0,5.82
Timiryazevskiy,0,RU,1563849448,87,47.05,39.61,59.0,2.24
Haines Junction,100,CA,1563849448,88,60.75,-137.51,56.74,4.68
Kaitangata,48,NZ,1563849449,86,-46.28,169.85,50.0,5.99
Klaksvik,33,FO,1563849450,100,62.23,-6.59,51.8,3.36
Mogadishu,72,SO,1563849451,79,2.04,45.34,74.56,15.7
Bereznik,100,RU,1563849451,95,62.86,42.71,52.6,5.99
Owando,27,CG,1563849452,87,-0.49,15.91,71.68,4.18
Saldanha,4,PT,1563849453,56,41.42,-6.55,71.32,4.25
Ambilobe,85,MG,1563849453,75,-13.19,49.05,68.44,7.25
Sibu,40,MY,1563849454,88,2.29,111.83,78.8,9.17
Pochutla,75,MX,1563849454,88,15.74,-96.47,77.0,6.93
Port Elizabeth,1,US,1563849455,88,39.31,-74.98,80.01,4.74
Promissao,100,BR,1563849456,66,-21.54,-49.86,67.54,8.12
Vardo,90,US,1563849457,93,39.62,-77.74,73.99,5.82
Srednekolymsk,100,RU,1563849457,67,67.46,153.71,45.4,11.68
Naze,92,NG,1563849458,96,5.43,7.07,72.94,3.89
Bluff,0,AU,1563849265,42,-23.58,149.07,73.48,4.47
Carnarvon,0,ZA,1563849337,38,-30.97,22.13,43.96,13.98
Kushima,75,JP,1563849459,62,31.5,131.29,87.8,10.29
Fairbanks,1,US,1563849354,34,64.84,-147.72,80.6,4.7
Jardim,0,BR,1563849460,58,-21.48,-56.15,71.86,6.11
Moanda,0,CD,1563849461,91,-5.93,12.38,70.6,8.08
Sri Aman,75,MY,1563849462,94,1.24,111.46,78.8,4.7
Avarua,24,CK,1563849261,78,-21.21,-159.78,77.0,16.11
Weligama,80,LK,1563849463,76,5.97,80.42,82.66,16.42
Brebu,0,RO,1563849463,100,45.42,21.99,66.0,6.93
Bukachacha,90,RU,1563849464,71,52.99,116.91,58.36,6.51
Atar,21,MR,1563849465,16,20.52,-13.05,95.62,4.97
Havoysund,40,NO,1563849465,87,71.0,24.66,55.4,8.05
Cape Town,75,ZA,1563849087,93,-33.93,18.42,55.99,25.28
America Dourada,0,BR,1563849466,83,-11.46,-41.44,61.24,9.46
Athabasca,10,CA,1563849467,85,54.72,-113.29,69.34,4.54
Batagay-Alyta,0,RU,1563849467,32,67.8,130.41,63.94,5.19
Dzilam Gonzalez,34,MX,1563849468,75,21.28,-88.93,79.6,13.18
Bredasdorp,0,ZA,1563849468,67,-34.53,20.04,61.0,10.29
Cidreira,100,BR,1563849469,89,-30.17,-50.22,64.3,5.88
Zima,100,RU,1563849469,74,53.93,102.05,67.72,2.13
Mwene-Ditu,0,CD,1563849470,35,-7.01,23.45,61.24,5.35
Warmbad,32,DE,1563849471,87,50.67,13.08,64.0,2.24
Waddan,0,LY,1563849471,71,29.16,16.14,67.54,2.26
Victoria,75,BN,1563849472,74,5.28,115.24,84.2,5.82
Linxia,0,CN,1563849473,54,35.6,103.21,68.62,6.42
Constanza,40,DO,1563849473,88,18.91,-70.74,78.8,13.87
Constitucion,90,MX,1563849333,68,23.99,-104.67,64.99,6.93
Mahibadhoo,100,MV,1563849357,75,3.78,72.97,83.92,11.54
Thompson,75,CA,1563849336,53,55.74,-97.86,77.0,5.26
Saskylakh,100,RU,1563849476,40,71.97,114.09,74.38,14.81
San Felipe,0,CL,1563849477,99,-32.75,-70.73,44.01,4.12
Pyapon,98,MM,1563849477,73,16.29,95.68,86.08,11.97
Qasigiannguit,5,GL,1563849478,66,68.82,-51.19,48.2,7.25
Khatanga,100,RU,1563849345,55,71.98,102.47,60.16,14.07
Jamestown,46,AU,1563848996,61,-33.21,138.6,55.84,20.29
Kavieng,74,PG,1563849479,75,-2.57,150.8,83.2,6.62
Biloela,0,AU,1563849480,32,-24.4,150.51,74.2,4.94
Egvekinot,100,RU,1563849480,95,66.32,-179.17,44.5,3.67
Liverpool,20,GB,1563849481,87,53.41,-2.98,64.99,3.36
Katsuura,40,JP,1563849476,79,33.93,134.5,84.2,6.93
Kamenka,100,MD,1563849482,91,48.03,28.7,57.99,3.85
Kavaratti,100,IN,1563849482,77,10.57,72.64,82.84,23.38
Tete,40,MZ,1563849483,81,-16.16,33.59,51.8,0.72
Sarkand,100,KZ,1563849483,23,45.41,79.91,85.72,26.44
Kastamonu,0,TR,1563849484,77,41.38,33.78,51.7,1.52
Shache,0,CN,1563849484,82,38.42,77.24,78.01,13.87
Joshimath,0,IN,1563849487,78,30.57,79.57,63.04,4.41
Dalbandin,42,PK,1563849488,38,28.9,64.41,89.14,9.1
Porto Torres,0,IT,1563849489,83,40.84,8.4,69.8,2.24
Kozhevnikovo,0,RU,1563849489,62,56.26,83.98,64.48,4.38
Saint-Pierre,0,FR,1563849490,72,48.95,4.24,62.6,5.82
Tangzhai,85,CN,1563849490,72,26.73,109.0,84.28,5.53
Alice,0,ZA,1563849491,34,-32.79,26.83,56.2,7.76
Mount Gambier,75,AU,1563849491,93,-37.83,140.78,50.0,11.41
Cururupu,0,BR,1563849492,98,-1.82,-44.87,71.32,2.04
San Patricio,96,PY,1563849206,86,-26.98,-56.83,68.44,3.76
Port Lincoln,51,AU,1563849349,74,-34.72,135.86,59.08,37.07
Alta Floresta,0,BR,1563849494,69,-9.87,-56.08,77.0,2.24
Huambo,0,AO,1563849494,34,-12.78,15.73,46.84,0.4
Honggang,2,CN,1563849495,77,29.51,114.87,87.7,2.28
Santa Maria,0,BR,1563849495,63,-16.02,-48.01,64.4,3.36
Novopokrovka,40,UA,1563849496,77,49.84,36.56,68.0,6.71
Cunduacan,90,MX,1563849496,100,18.07,-93.17,73.4,3.24
Kashary,0,RU,1563849497,67,49.04,41.01,65.92,5.46
Bongandanga,100,CD,1563849497,82,1.51,21.07,71.32,2.13
Mar del Plata,73,AR,1563849328,63,-46.43,-67.52,37.48,16.28
Hokitika,41,NZ,1563849498,66,-42.72,170.96,54.58,3.58
Mandurah,100,AU,1563849499,75,-32.55,115.7,61.0,6.91
Hervey Bay,0,AU,1563849500,44,-25.3,152.85,81.0,4.7
Bethel,40,US,1563849500,60,60.79,-161.76,71.6,3.36
Soyo,0,AO,1563849501,91,-6.13,12.37,70.6,8.08
Vila Franca do Campo,20,PT,1563849501,88,37.72,-25.43,69.8,8.05
Mahebourg,40,MU,1563849502,77,-20.41,57.7,68.0,11.41
Azare,0,NG,1563849502,71,11.67,10.19,74.38,7.27
Kajaani,38,FI,1563849503,93,64.22,27.73,51.8,2.24
Tasiilaq,0,GL,1563849338,93,65.61,-37.64,42.8,1.12
Erenhot,2,CN,1563849504,33,43.65,111.97,80.68,13.91
Evanston,1,US,1563849497,68,42.04,-87.69,68.0,7.58
Itarema,0,BR,1563849355,80,-2.92,-39.92,75.46,7.94
Nam Dinh,100,VN,1563849505,55,20.42,106.17,91.84,5.23
Villaviciosa,90,ES,1563849506,100,43.48,-5.43,70.0,2.82
Richards Bay,0,ZA,1563849507,34,-28.77,32.06,65.74,6.73
Touros,75,BR,1563849508,74,-5.2,-35.46,78.8,9.17
Kahului,75,US,1563849321,65,20.89,-156.47,82.4,5.82
Aksarka,79,RU,1563849508,69,66.56,67.8,57.28,15.79
Rabo de Peixe,20,PT,1563849509,88,37.8,-25.58,69.8,8.05
Guerrero Negro,0,MX,1563849510,85,27.97,-114.04,68.26,9.33
San Luis,0,AR,1563849511,33,-33.3,-66.34,45.76,12.46
Nome,1,US,1563849511,100,30.04,-94.42,84.0,6.82
Massena,1,US,1563849512,88,44.93,-74.89,64.99,2.55
Havelock,1,US,1563849218,78,34.88,-76.9,84.0,16.11
Vila,0,IT,1563849514,88,45.18,8.4,80.01,5.82
Laguna,20,BZ,1563849514,88,16.17,-88.94,80.6,3.13
Larimna,0,GR,1563849515,60,38.57,23.28,82.4,4.7
Alice Springs,0,AU,1563849266,22,-23.7,133.88,69.8,11.41
Bull Savanna,36,JM,1563849516,76,17.89,-77.59,82.12,10.47
Port Blair,70,IN,1563849517,79,11.67,92.75,83.56,20.36
Lewiston,1,US,1563849517,77,44.1,-70.21,64.99,0.51
Cayenne,0,GF,1563849518,100,4.94,-52.33,75.2,3.31
Namibe,56,AO,1563849191,87,-15.19,12.15,63.58,17.05
Umm Lajj,0,SA,1563849204,69,25.02,37.27,83.92,6.24
Paka,100,CF,1563849520,98,4.15,15.03,67.72,2.3
Lazarev,100,RU,1563849521,98,52.23,141.51,56.56,16.96
Bubaque,100,GW,1563849521,89,11.28,-15.83,78.34,13.94
Kholm,5,AF,1563849522,16,36.69,67.7,93.2,2.24
Grindavik,0,IS,1563849523,100,63.84,-22.43,55.99,6.93
Hasaki,75,JP,1563849523,100,35.73,140.83,75.2,6.93
Kabinda,8,CD,1563849524,41,-6.14,24.49,61.06,2.57
Port Hardy,40,CA,1563849524,60,50.7,-127.42,69.8,12.75
Jinchang,94,CN,1563849525,35,38.52,102.19,69.16,11.79
Byron Bay,0,AU,1563849525,49,-28.65,153.62,80.01,6.93
Livenka,0,RU,1563849526,76,50.74,40.23,63.22,6.08
Port Hedland,0,AU,1563849338,16,-20.31,118.58,77.0,23.04
Kuytun,100,RU,1563849527,70,54.34,101.51,68.98,2.95
Rosario,100,UY,1563849528,95,-34.31,-57.35,46.0,1.01
Champerico,90,MX,1563849529,78,16.38,-93.6,75.2,2.21
Tornio,0,FI,1563849529,93,61.12,27.27,59.0,3.36
Praia da Vitoria,40,PT,1563849530,88,38.73,-27.07,70.0,14.88
Coihaique,90,CL,1563849395,99,-45.58,-72.07,41.0,4.7
Ahome,75,MX,1563849531,58,25.92,-109.18,88.0,8.05
Taoudenni,11,ML,1563849531,16,22.68,-3.98,90.76,3.94
Manalongon,40,PH,1563849532,70,9.22,122.89,87.8,9.17
Ostrovnoy,96,RU,1563849533,61,68.05,39.51,53.32,4.94
Luanda,100,AO,1563849533,100,-8.83,13.24,68.0,4.7
Ipixuna,20,BR,1563849534,88,-1.76,-48.8,78.8,6.93
Aksu,90,KZ,1563849535,100,52.04,76.93,60.8,4.47
Nara,75,JP,1563849535,79,34.68,135.8,88.0,9.17
Solwezi,0,ZM,1563849536,92,-12.18,26.4,45.94,6.02
Hambantota,20,LK,1563849536,100,6.12,81.12,77.0,5.82
Batagay,4,RU,1563849537,28,67.65,134.64,65.2,6.6
East London,0,ZA,1563849051,34,-33.02,27.91,57.46,1.86
Imeni Poliny Osipenko,94,RU,1563849538,70,52.42,136.49,62.5,12.03
Agadez,1,NE,1563849538,62,16.97,7.99,84.2,4.7
Zaysan,76,KZ,1563849539,35,47.47,84.87,78.88,4.43
Nanortalik,100,GL,1563849451,97,60.14,-45.24,39.1,3.06
Leningradskiy,82,RU,1563849540,88,69.38,178.42,38.92,12.57
Goderich,0,CA,1563849540,60,43.74,-81.71,66.99,1.01
Yar-Sale,22,RU,1563849542,66,66.83,70.83,57.1,13.65
Zemio,100,CF,1563849543,91,5.02,25.13,67.72,2.8
Hualmay,61,PE,1563849543,86,-11.1,-77.61,61.6,19.62
Verkhnevilyuysk,0,RU,1563849544,30,63.45,120.31,73.84,4.52
Lompoc,90,US,1563849201,87,34.64,-120.46,69.01,5.82
Pisco,90,PE,1563849545,82,-13.71,-76.2,62.6,6.93
Elizabeth City,40,US,1563849545,69,36.3,-76.22,86.0,4.7
Norman Wells,75,CA,1563849546,53,65.28,-126.83,73.4,6.93
Durban,66,CA,1563849546,83,51.93,-101.44,64.3,7.52
Faanui,99,PF,1563849547,81,-16.48,-151.75,79.42,16.87
Kudahuvadhoo,100,MV,1563849548,73,2.67,72.89,83.92,11.95
Ahipara,80,NZ,1563849548,90,-35.17,173.16,64.99,19.75
Lorengau,63,PG,1563849549,74,-2.02,147.27,83.56,7.31
Weimar,0,DE,1563849550,82,50.98,11.33,64.99,9.17
Narsaq,95,GL,1563849550,70,60.91,-46.05,46.4,4.7
Sorong,92,ID,1563849551,86,-0.86,131.25,78.16,11.36
Alofi,20,NU,1563849551,53,-19.06,-169.92,77.0,10.29
Ouahigouya,100,BF,1563849552,59,13.58,-2.42,82.3,12.84
Monze,0,ZM,1563849553,90,-16.28,27.48,45.4,2.51
Navalagunda,96,IN,1563849553,87,15.56,75.35,72.22,19.93
Oum Hadjer,100,TD,1563849554,74,13.3,19.7,79.78,7.34
Linjiang,97,CN,1563849554,71,41.81,126.91,77.44,5.46
Nicolas Bravo,90,MX,1563849555,68,24.39,-104.74,64.99,6.93
Tokur,100,RU,1563849556,98,53.13,132.9,47.2,11.79
Wanning,17,AT,1563849556,93,48.64,13.53,66.0,3.36
Ust-Omchug,99,RU,1563849557,38,61.13,149.63,46.12,12.33
Wagar,98,US,1563849557,90,31.44,-87.99,79.0,4.41
Ulaanbaatar,75,MN,1563849558,82,47.92,106.92,60.8,8.95
Deputatskiy,100,RU,1563849558,38,69.3,139.9,55.3,7.16
Iqaluit,20,CA,1563849194,93,63.75,-68.52,37.4,3.36
Russell,1,US,1563849560,49,38.9,-98.86,73.4,8.05
Pringsewu,1,ID,1563849560,44,-5.36,104.98,83.02,3.06
Dalhousie,1,CA,1563849561,87,48.06,-66.37,57.2,2.24
Sal Rei,75,CV,1563849561,78,16.18,-22.92,75.2,14.99
Yulara,0,AU,1563849562,15,-25.24,130.99,69.8,10.29
Bud,100,NO,1563849562,87,62.91,6.91,60.8,4.7
Dhaulpur,40,IN,1563849563,100,26.7,77.9,86.0,1.12
Pacific Grove,1,US,1563849564,52,36.62,-121.92,75.99,14.99
Hue,75,VN,1563849564,41,16.47,107.58,96.8,11.41
Fallon,1,US,1563849565,39,46.84,-105.12,78.8,12.75
Necochea,0,AR,1563849566,96,-38.55,-58.74,36.0,4.65
Manakara,87,MG,1563849567,86,-22.14,48.01,60.88,3.4
Dangriga,20,BZ,1563849567,83,16.97,-88.23,82.4,4.7
Harindanga,40,IN,1563849568,84,22.04,88.32,86.0,10.29
Gelemso,100,ET,1563849568,70,8.81,40.52,65.74,9.33
Walvis Bay,0,NA,1563849569,96,-22.95,14.51,49.9,1.92
Lethem,45,GY,1563849569,83,3.38,-59.8,76.18,7.29
Sao Joao da Barra,2,BR,1563849342,96,-21.64,-41.05,63.94,1.68
Wittenberge,78,DE,1563849570,92,53.0,11.75,64.99,1.99
Sao Felix do Xingu,0,BR,1563849533,66,-6.64,-51.99,71.32,3.15
Bogotol,0,RU,1563849571,69,56.21,89.53,60.34,4.27
Luderitz,0,NA,1563849572,90,-26.65,15.16,54.58,11.92
At-Bashi,0,KG,1563849573,96,41.17,75.81,72.0,3.24
Takoradi,100,GH,1563849573,91,4.89,-1.75,73.84,5.91
Lavrentiya,97,RU,1563849574,79,65.58,-170.99,48.64,15.93
Qostanay,0,KZ,1563849574,77,53.17,63.58,62.6,4.47
Montecristo,100,CO,1563849575,97,8.3,-74.47,76.36,4.74
Caravelas,1,BR,1563849576,80,-17.73,-39.27,72.76,11.39
Camabatela,90,AO,1563849576,94,-8.19,15.37,60.88,1.79
Saint-Georges,100,CA,1563849577,100,46.12,-70.67,59.0,3.47
Aqtobe,0,KZ,1563849562,60,50.28,57.21,68.0,13.42
Evensk,100,RU,1563849578,38,61.92,159.24,53.5,7.81
Varbilau,40,RO,1563849578,100,45.18,25.95,66.2,3.36
Beringovskiy,100,RU,1563849579,66,63.05,179.32,52.6,1.7
Fortuna,1,US,1563849580,68,40.6,-124.16,64.99,11.41
Sitka,0,US,1563849580,60,37.17,-99.65,73.0,4.0
Kasama,73,ZM,1563849581,97,-10.21,31.19,44.86,2.71
Jishui,69,CN,1563849582,68,27.23,115.13,87.52,13.27
Arman,0,RU,1563849576,34,59.7,150.17,54.94,10.94
Bocas del Toro,100,PA,1563849583,93,9.33,-82.25,53.01,6.44
Brae,100,GB,1563849584,100,60.4,-1.35,59.0,11.41
Lebanon,90,US,1563849538,88,40.34,-76.42,75.2,12.75
Lata,5,IN,1563849195,75,30.78,78.62,50.98,5.19
Wattegama,96,LK,1563849585,77,7.35,80.68,77.26,6.55
Hennef,0,DE,1563849586,87,50.78,7.28,69.01,2.24
Ilulissat,5,GL,1563849586,66,69.22,-51.1,48.2,10.27
Shimoda,75,JP,1563849587,100,34.7,138.93,86.0,11.41
Gemena,100,CD,1563849588,90,3.25,19.78,69.7,2.28
Verkhoyansk,0,RU,1563849588,28,67.55,133.39,65.56,8.55
Kalengwa,0,ZM,1563849589,89,-13.47,25.0,45.58,4.47
Gouyave,20,GD,1563849589,88,12.16,-61.73,80.6,11.41
Shingu,75,JP,1563849590,88,33.72,135.99,80.6,6.93
Poum,20,MK,1563849579,77,41.28,20.71,62.6,3.36
Ferrol,2,ES,1563849591,100,43.48,-8.23,69.01,2.24
Panara,27,LT,1563849591,98,54.11,24.11,51.88,6.71
Dzaoudzi,40,YT,1563849592,73,-12.79,45.27,75.2,19.46
Mpanda,89,BI,1563849593,70,-3.17,29.4,57.82,2.89
Padang,67,ID,1563849593,67,-0.92,100.36,82.3,4.63
Suez,0,EG,1563849594,82,29.97,32.54,72.22,9.26
Port Victoria,73,AU,1563849594,75,-34.5,137.49,57.28,23.29
Yoichi,75,JP,1563849595,73,43.19,140.77,70.0,18.34
Yining,0,CN,1563849595,57,29.04,114.56,92.38,4.45
Shenjiamen,50,CN,1563849596,79,29.96,122.3,83.38,17.34
Acapulco,75,MX,1563849597,84,16.86,-99.88,86.0,10.29
La Palma,100,CO,1563849597,91,5.36,-74.39,69.88,2.84
Sao Filipe,53,CV,1563849598,87,14.9,-24.5,75.46,15.05
Kyabram,85,AU,1563849598,59,-36.31,145.05,59.0,15.01
Khuzhir,99,RU,1563849599,48,53.19,107.35,75.46,2.82
Samagaltay,9,RU,1563849600,40,50.6,95.0,72.22,1.92
Cherskiy,100,RU,1563849348,95,68.75,161.3,37.3,10.09
Douglas,75,US,1563849602,49,58.28,-134.39,75.2,4.7
Nargana,100,PA,1563849602,82,9.44,-78.59,80.32,5.48
Vanavara,0,RU,1563849603,38,60.35,102.28,74.74,7.87
Uglegorsk,95,RU,1563849604,82,49.08,142.06,67.36,16.49
Port-Gentil,83,GA,1563849604,85,-0.72,8.78,75.46,17.58
Mata,22,PT,1563849605,84,40.68,-7.46,66.99,1.99
Baracoa,59,CU,1563849606,80,20.35,-74.5,81.94,12.35
Ojinaga,1,US,1563849607,21,29.56,-104.41,93.2,14.99
Longyearbyen,75,NO,1563849570,81,78.22,15.63,44.6,1.12
Hun,0,BE,1563849608,77,50.34,4.87,68.0,2.24
Hit,0,IQ,1563849608,23,33.64,42.83,83.02,14.47
Souillac,0,FR,1563849331,64,45.6,-0.6,78.01,5.82
Talnakh,75,RU,1563849350,87,69.49,88.39,55.4,17.9
Whitehorse,75,CA,1563849604,87,60.72,-135.06,60.01,2.24
Uppsala,45,SE,1563849610,93,59.86,17.64,60.8,3.36
Celestun,0,MX,1563849611,79,20.87,-90.4,82.84,18.84
Orange,1,US,1563849490,68,33.79,-117.85,86.0,8.05
Roebourne,70,AU,1563849613,15,-20.77,117.15,75.1,12.53
Chapais,90,CA,1563849613,82,49.78,-74.86,57.2,6.93
Kamskiye Polyany,75,RU,1563849614,93,55.43,51.42,57.2,8.95
Barreirinhas,0,BR,1563849615,95,-2.75,-42.83,72.22,3.47
Port Macquarie,0,AU,1563849490,25,-31.43,152.91,78.01,9.17
Morki,4,RU,1563849616,93,56.43,49.0,54.76,6.31
Ola,1,RU,1563849616,57,59.58,151.3,52.96,5.84
Kalmunai,79,LK,1563849617,57,7.42,81.82,84.1,6.06
Mossendjo,17,CG,1563849617,98,-2.95,12.72,63.76,1.21
Aljezur,0,PT,1563849618,70,37.31,-8.8,75.99,5.99
Prince Rupert,1,CA,1563849618,77,54.32,-130.32,64.4,5.82
Todos Santos,75,MX,1563849619,74,23.45,-110.23,82.99,13.87
Ayagoz,69,KZ,1563849619,60,47.96,80.43,69.88,13.24
Oriximina,0,BR,1563849620,71,-1.77,-55.87,79.96,5.95
Isangel,75,VU,1563849621,60,-19.55,169.27,75.2,11.41
Torbay,20,CA,1563849621,93,47.66,-52.73,57.99,4.7
Vestnes,100,NO,1563849622,93,62.63,7.09,60.8,10.29
Udachnyy,0,RU,1563849623,29,66.42,112.4,77.0,4.47
Pundaguitan,100,PH,1563849623,70,6.37,126.17,81.58,7.4
Balut,75,PH,1563849624,79,14.68,120.55,84.99,2.24
Loksa,0,EE,1563849624,100,59.58,25.72,62.6,5.82
Newport,75,GB,1563849430,93,51.59,-3.0,64.0,3.36
Ondjiva,0,AO,1563849626,16,-17.07,15.73,49.72,4.54
Rindal,100,NO,1563849627,91,63.05,9.21,53.68,3.33
Brigantine,1,US,1563849628,78,39.41,-74.36,80.01,5.82
Fort Nelson,20,CA,1563849629,36,58.81,-122.69,80.6,4.7
Bathsheba,75,BB,1563849340,83,13.22,-59.52,80.6,21.92
Chiang Kham,75,TH,1563849630,94,19.53,100.3,78.8,2.64
Aklavik,20,CA,1563849630,53,68.22,-135.01,71.6,5.82
Bandarbeyla,97,SO,1563849631,47,9.49,50.81,78.7,27.11
Batsfjord,13,NO,1563849631,93,70.63,29.72,50.26,2.93
Petauke,0,ZM,1563849632,82,-14.25,31.33,49.36,4.97
Vostok,100,RU,1563849633,95,46.45,135.83,67.18,2.55
Grand Gaube,40,MU,1563849633,77,-20.01,57.66,68.0,11.41
Sorland,50,NO,1563849634,88,67.67,12.69,53.32,8.39
Hukuntsi,0,BW,1563849634,36,-23.98,21.76,48.28,11.18
Zafra,0,ES,1563849635,56,38.43,-6.42,68.98,2.51
Laje,59,BR,1563849636,98,-13.18,-39.42,64.48,6.62
Kieta,43,PG,1563849636,73,-6.22,155.63,83.38,8.12
Camacha,40,PT,1563849637,82,33.08,-16.33,68.0,10.29
Xichang,100,CN,1563849638,97,27.88,102.25,59.08,3.0
Harur,100,IN,1563849638,92,12.06,78.48,71.86,3.67
Otta,75,NG,1563849639,88,6.68,3.23,77.0,6.93
Hobyo,79,SO,1563849640,67,5.35,48.53,75.46,22.17
Poya,0,NC,1563849640,66,-21.35,165.16,68.26,15.95
Ferkessedougou,80,CI,1563849641,94,9.6,-5.2,70.78,8.46
Namatanai,98,PG,1563849351,85,-3.66,152.44,79.06,16.11
La Ronge,20,CA,1563849577,54,55.1,-105.3,78.8,4.7
Gamba,36,CN,1563849642,59,28.28,88.52,49.0,1.41
Petropavlovsk-Kamchatskiy,40,RU,1563849643,68,53.05,158.65,64.4,4.47
Kindersley,20,CA,1563849643,50,51.47,-109.16,75.2,14.99
Coahuayana,76,MX,1563849644,91,18.62,-100.35,72.94,2.89
Teknaf,100,BD,1563849645,82,20.86,92.31,83.02,15.12
Berlevag,0,NO,1563849637,87,70.86,29.09,57.2,2.24
Comodoro Rivadavia,0,AR,1563849646,56,-45.87,-67.48,42.8,16.11
San Ramon,58,NI,1563849547,96,12.92,-85.84,65.74,4.32
Pleshanovo,100,RU,1563849647,93,57.46,28.17,60.8,4.47
Lagoa,0,PT,1563849451,88,37.14,-8.45,75.99,1.12
Awbari,0,LY,1563849648,21,26.59,12.77,75.28,8.7
Honiara,40,SB,1563849649,62,-9.43,159.96,89.6,6.93
Tarakan,2,ID,1563849650,62,3.3,117.63,86.44,3.36
Magistralnyy,64,RU,1563849650,40,56.17,107.45,76.18,4.16
Inirida,98,CO,1563849651,96,3.87,-67.92,73.66,0.67
Rawson,0,AR,1563849629,62,-43.3,-65.11,38.92,15.41
Kosonsoy,0,UZ,1563849652,37,41.25,71.55,84.2,2.24
Tolaga Bay,100,NZ,1563849652,99,-38.37,178.3,50.08,0.18
Eenhana,0,NA,1563849653,18,-17.48,16.34,49.72,6.44
Airai,0,TL,1563849320,34,-8.93,125.41,85.0,1.59
Cascais,20,PT,1563849654,82,38.7,-9.42,68.0,11.41
Kupang,0,ID,1563849655,54,-10.16,123.6,81.94,17.31
Ngudu,6,TZ,1563849655,46,-2.97,33.34,59.08,4.23
North Bend,75,US,1563849656,72,43.41,-124.22,66.2,13.87
Oeiras,0,BR,1563849657,60,-7.01,-42.13,73.66,7.0
Riosucio,40,CO,1563849657,94,5.42,-75.7,69.8,2.24
Panzhihua,100,CN,1563849658,99,26.59,101.72,66.1,2.42
Kharan,93,PK,1563849659,34,28.58,65.42,91.66,7.61
Bratsk,40,RU,1563849660,73,56.15,101.63,69.8,2.24
Dwarka,40,IN,1563849660,84,28.58,77.04,90.0,4.7
Yamethin,100,MM,1563849661,81,20.43,96.14,79.06,15.93
Quatre Cocos,40,MU,1563849662,77,-20.21,57.76,68.0,11.41
Pitlochry,0,GB,1563849662,93,56.7,-3.73,64.0,3.36
Kuna,1,US,1563849663,18,43.49,-116.42,100.4,5.82
Asyut,0,EG,1563849663,42,27.18,31.19,80.6,9.17
Dunedin,71,NZ,1563849652,80,-45.87,170.5,52.0,10.0
Surt,0,LY,1563849665,70,31.21,16.59,78.34,10.83
Kultuk,100,RU,1563849666,40,51.73,103.71,64.99,96.01
Victor Harbor,75,AU,1563849666,76,-35.55,138.62,59.0,23.04
Mbandaka,0,CD,1563849667,89,0.05,18.26,71.14,2.66
Penarroya-Pueblonuevo,16,ES,1563849667,57,38.3,-5.27,80.6,1.12
Amberg,0,DE,1563849668,82,49.45,11.86,63.0,2.24
Ouro Preto do Oeste,0,BR,1563849668,51,-10.75,-62.22,76.0,0.54
Loa Janan,100,ID,1563849669,62,-0.58,117.09,85.36,5.08
Harper,1,US,1563849259,51,30.3,-99.24,84.2,6.93
Tura,100,RU,1563849670,39,64.27,100.22,73.3,13.6
Tuatapere,0,NZ,1563849671,95,-46.13,167.69,46.99,4.0
Ikalamavony,5,MG,1563849671,84,-21.17,46.6,46.84,4.56
Kisangani,29,CD,1563849672,91,0.52,25.21,69.16,1.66
Santiago del Estero,100,AR,1563849570,24,-27.8,-64.26,55.84,7.58
Awjilah,0,LY,1563849673,49,29.14,21.3,71.32,10.2
Den Helder,0,NL,1563849673,100,52.96,4.76,66.2,4.7
Tres Palos,75,MX,1563849674,84,16.83,-99.78,86.0,10.29
Tessalit,55,ML,1563849674,37,20.2,1.01,88.78,3.53
Calama,0,CL,1563849588,14,-22.46,-68.93,50.0,14.99
Zaragoza,0,SV,1563849676,83,13.59,-89.29,82.4,6.11
Paracatu,39,BR,1563849676,73,-17.22,-46.87,59.62,2.98
Sao Luiz Gonzaga,100,BR,1563849677,88,-28.41,-54.96,66.46,4.29
Skibbereen,90,IE,1563849677,93,51.55,-9.27,60.8,11.41
Olga,1,US,1563849678,57,34.11,-118.17,84.99,5.53
Lakewood,1,US,1563849398,68,33.85,-118.12,84.2,8.05
Filadelfia,100,PY,1563849679,47,-22.35,-60.04,67.54,13.18
Qujing,100,CN,1563849679,79,25.49,103.8,69.88,1.95
Puerto Carreno,99,CO,1563849680,85,6.19,-67.49,77.8,3.15
Coquimbo,0,CL,1563849402,66,-29.95,-71.34,50.0,11.41
Bonthe,100,SL,1563849584,89,7.53,-12.5,75.64,14.03
San Carlos de Bariloche,20,AR,1563849681,89,-41.13,-71.31,32.0,12.75
Meridian,1,US,1563849682,18,43.61,-116.39,100.4,5.82
Chokurdakh,100,RU,1563849329,50,70.62,147.9,46.12,4.61
Acajutla,100,SV,1563849577,74,13.59,-89.83,85.0,5.37
Hauge,75,NO,1563849683,93,59.25,10.99,61.0,2.24
Kokopo,91,PG,1563849683,75,-4.34,152.27,81.58,3.42
Emerald,0,AU,1563849578,44,-23.53,148.16,77.0,1.12
Matara,51,BI,1563849684,79,-3.48,29.48,49.36,2.86
Seoul,75,KR,1563849685,83,37.57,126.98,86.0,2.24
Mecca,4,SA,1563849568,32,21.43,39.83,79.24,5.48
Palma del Rio,0,ES,1563849686,57,37.7,-5.28,80.6,1.12
Andilamena,3,MG,1563849686,95,-17.01,48.57,46.12,6.44
Lamu,0,CN,1563849687,50,35.77,102.37,65.74,1.3
Along,100,IN,1563849687,97,28.17,94.8,63.04,0.85
Ahuimanu,75,US,1563849688,83,21.44,-157.84,84.2,8.05
Cabo Rojo,0,PR,1563849688,82,18.09,-67.15,81.0,16.26
Wilmington,40,US,1563849435,88,39.75,-75.55,75.99,9.17
Dehloran,51,IR,1563849689,17,32.69,47.27,88.24,8.1
Port Hawkesbury,90,CA,1563849488,88,45.62,-61.36,68.0,2.24
Providencia,100,CO,1563849691,92,1.24,-77.6,51.88,3.0
Tiarei,75,PF,1563849692,69,-17.53,-149.33,80.6,17.22
Comarapa,7,BO,1563849693,91,-17.91,-64.53,55.66,3.76
Ouadda,100,CF,1563849693,96,8.07,22.4,66.82,2.35
Upanema,77,BR,1563849694,77,-5.64,-37.26,73.84,10.0
Geraldton,90,CA,1563849694,93,49.72,-86.95,60.8,4.7
Mangai,42,CD,1563849695,49,-4.07,19.59,71.5,0.56
Bilma,0,NE,1563849695,35,18.69,12.92,88.24,7.63
Juneau,75,US,1563849682,49,58.3,-134.42,75.2,4.7
Tovarkovo,100,RU,1563849696,93,54.68,35.94,62.6,6.71
Filimonovo,100,RU,1563849697,93,54.21,39.6,59.0,3.91
Kuryk,11,KZ,1563849698,36,43.18,51.68,83.74,20.11
Sassandra,100,CI,1563849698,96,4.95,-6.09,72.22,3.44
Hami,0,CN,1563849699,20,42.84,93.51,84.1,6.91
Phan Thiet,100,VN,1563849610,50,10.93,108.1,90.58,6.8
Kaya,37,NG,1563849700,51,13.31,12.68,84.46,5.97
Saquena,48,PE,1563849700,92,-4.67,-73.52,73.12,1.79
Puerto del Rosario,79,ES,1563849607,77,28.5,-13.86,69.8,14.99
Kendari,37,ID,1563849652,58,-3.99,122.52,82.84,2.8
Bermejo,94,AR,1563849702,54,-22.73,-64.34,52.24,1.61
Salalah,90,OM,1563849702,94,17.01,54.1,78.8,3.36
Sept-Iles,40,CA,1563849703,81,50.2,-66.38,55.0,2.24
Nouadhibou,0,MR,1563849704,78,20.93,-17.03,71.6,20.8
Caconda,0,AO,1563849704,68,-13.73,15.06,48.64,3.53
Santiago,3,PH,1563849483,66,16.69,121.54,85.72,4.32
Marawi,100,PH,1563849706,74,8.0,124.29,84.0,4.0
Nuuk,90,GL,1563849707,93,64.17,-51.74,44.6,3.36
Watsa,100,CD,1563849707,98,3.04,29.53,64.48,2.3
